resume_id,role_target,level,years_experience,skills,skills_count,companies_worked,resume_text,source,date_generated
RE3DBEAC2,Software Engineer,Junior,2.0,"Python, Go, Figma, Slack",4,"Adobe, Salesforce, Oracle, Uber","Software Engineer with 2 years of experience
        
        Skills: Python, Go, Figma, Slack
        
        Experience:
        - Junior Software Engineer at Adobe (2 years)
        - Software Engineer at Salesforce (2 years)
        - Junior Software Engineer at Oracle (2 years)
        
        
        Proficiencies in: Python, Go, Figma, Slack
        
        Achievements:
        - Led projects using Slack
        - Improved system performance by 23%
        - Mentored 3 junior developers
        - Deployed solutions impacting 1392 users",synthetic,2025-12-07
R786DC7F1,Software Engineer,Junior,2.0,"Kotlin, Git, C++, JIRA",4,"Salesforce, Adobe, Amazon, GitHub","Software Engineer with 2 years of experience
        
        Skills: Kotlin, Git, C++, JIRA
        
        Experience:
        - Junior Software Engineer at Salesforce (4 years)
        - Software Engineer at Adobe (3 years)
        - Junior Software Engineer at Amazon (1 years)
        
        
        Proficiencies in: Kotlin, Git, C++, JIRA
        
        Achievements:
        - Led projects using Git
        - Improved system performance by 41%
        - Mentored 5 junior developers
        - Deployed solutions impacting 355 users",synthetic,2025-12-07
R73128D73,Software Engineer,Junior,3.0,"Kotlin, Go, VS Code, Slack",4,"Google, GitHub, Spotify","Software Engineer with 3 years of experience
        
        Skills: Kotlin, Go, VS Code, Slack
        
        Experience:
        - Junior Software Engineer at Google (2 years)
        - Software Engineer at GitHub (1 years)
        - Junior Software Engineer at Spotify (1 years)
        
        
        Proficiencies in: Kotlin, Go, VS Code, Slack
        
        Achievements:
        - Led projects using Go
        - Improved system performance by 14%
        - Mentored 3 junior developers
        - Deployed solutions impacting 6649 users",synthetic,2025-12-07
R0325666B,Software Engineer,Mid-Level,6.0,"Python, Git, Slack, C#",4,"Apple, Google, Salesforce","Software Engineer with 6 years of experience
        
        Skills: Python, Git, Slack, C#
        
        Experience:
        - Mid-Level Software Engineer at Apple (4 years)
        - Software Engineer at Google (3 years)
        - Junior Software Engineer at Salesforce (1 years)
        
        
        Proficiencies in: Python, Git, Slack, C#
        
        Achievements:
        - Led projects using C#
        - Improved system performance by 32%
        - Mentored 3 junior developers
        - Deployed solutions impacting 1245 users",synthetic,2025-12-07
R015D1C45,Software Engineer,Mid-Level,3.0,"Kotlin, Python, IntelliJ, Git",4,"Google, Elastic","Software Engineer with 3 years of experience
        
        Skills: Kotlin, Python, IntelliJ, Git
        
        Experience:
        - Mid-Level Software Engineer at Google (3 years)
        - Software Engineer at Elastic (2 years)

        
        
        Proficiencies in: Kotlin, Python, IntelliJ, Git
        
        Achievements:
        - Led projects using Python
        - Improved system performance by 24%
        - Mentored 4 junior developers
        - Deployed solutions impacting 9135 users",synthetic,2025-12-07
RA471706F,Software Engineer,Mid-Level,5.0,"JIRA, Go, Ruby, Slack",4,"Amazon, Apple","Software Engineer with 5 years of experience
        
        Skills: JIRA, Go, Ruby, Slack
        
        Experience:
        - Mid-Level Software Engineer at Amazon (1 years)
        - Software Engineer at Apple (1 years)

        
        
        Proficiencies in: JIRA, Go, Ruby, Slack
        
        Achievements:
        - Led projects using Ruby
        - Improved system performance by 33%
        - Mentored 3 junior developers
        - Deployed solutions impacting 6566 users",synthetic,2025-12-07
R0F4C3376,Software Engineer,Senior,9.0,"GitHub, Slack, C++, PHP",4,"GitHub, Netflix, GitLab","Software Engineer with 9 years of experience
        
        Skills: GitHub, Slack, C++, PHP
        
        Experience:
        - Senior Software Engineer at GitHub (3 years)
        - Software Engineer at Netflix (2 years)
        - Junior Software Engineer at GitLab (1 years)
        
        
        Proficiencies in: GitHub, Slack, C++, PHP
        
        Achievements:
        - Led projects using GitHub
        - Improved system performance by 22%
        - Mentored 2 junior developers
        - Deployed solutions impacting 5297 users",synthetic,2025-12-07
RF5652CEA,Software Engineer,Senior,8.0,"IntelliJ, GitHub, C#, PHP",4,"Elastic, Uber, Adobe, HashiCorp","Software Engineer with 8 years of experience
        
        Skills: IntelliJ, GitHub, C#, PHP
        
        Experience:
        - Senior Software Engineer at Elastic (4 years)
        - Software Engineer at Uber (2 years)
        - Junior Software Engineer at Adobe (1 years)
        
        
        Proficiencies in: IntelliJ, GitHub, C#, PHP
        
        Achievements:
        - Led projects using C#
        - Improved system performance by 24%
        - Mentored 3 junior developers
        - Deployed solutions impacting 6244 users",synthetic,2025-12-07
R116B8FC2,Software Engineer,Senior,7.0,"Kotlin, GitHub, C#, VS Code",4,"Stripe, Meta","Software Engineer with 7 years of experience
        
        Skills: Kotlin, GitHub, C#, VS Code
        
        Experience:
        - Senior Software Engineer at Stripe (3 years)
        - Software Engineer at Meta (1 years)

        
        
        Proficiencies in: Kotlin, GitHub, C#, VS Code
        
        Achievements:
        - Led projects using GitHub
        - Improved system performance by 30%
        - Mentored 3 junior developers
        - Deployed solutions impacting 1765 users",synthetic,2025-12-07
RA6547F4B,Software Engineer,Lead,15.0,"JIRA, IntelliJ, Java, Rust",4,"DataDog, GitLab, IBM, Uber","Software Engineer with 15 years of experience
        
        Skills: JIRA, IntelliJ, Java, Rust
        
        Experience:
        - Lead Software Engineer at DataDog (2 years)
        - Software Engineer at GitLab (2 years)
        - Junior Software Engineer at IBM (2 years)
        
        
        Proficiencies in: JIRA, IntelliJ, Java, Rust
        
        Achievements:
        - Led projects using IntelliJ
        - Improved system performance by 22%
        - Mentored 3 junior developers
        - Deployed solutions impacting 5938 users",synthetic,2025-12-07
R6576F9C1,Software Engineer,Lead,11.0,"JIRA, Ruby, Slack, Rust",4,"Apple, MongoDB","Software Engineer with 11 years of experience
        
        Skills: JIRA, Ruby, Slack, Rust
        
        Experience:
        - Lead Software Engineer at Apple (4 years)
        - Software Engineer at MongoDB (2 years)

        
        
        Proficiencies in: JIRA, Ruby, Slack, Rust
        
        Achievements:
        - Led projects using Rust
        - Improved system performance by 17%
        - Mentored 2 junior developers
        - Deployed solutions impacting 212 users",synthetic,2025-12-07
REB3F14AE,Software Engineer,Lead,12.0,"Slack, C#, Java, VS Code",4,"DataDog, GitHub, Spotify, IBM","Software Engineer with 12 years of experience
        
        Skills: Slack, C#, Java, VS Code
        
        Experience:
        - Lead Software Engineer at DataDog (3 years)
        - Software Engineer at GitHub (3 years)
        - Junior Software Engineer at Spotify (2 years)
        
        
        Proficiencies in: Slack, C#, Java, VS Code
        
        Achievements:
        - Led projects using Java
        - Improved system performance by 33%
        - Mentored 3 junior developers
        - Deployed solutions impacting 8908 users",synthetic,2025-12-07
RF1EABD3F,Data Scientist,Junior,2.0,"Pandas, JIRA, Figma, Scikit-learn, NumPy, Ruby, C#",7,"Uber, Microsoft","Data Scientist with 2 years of experience
        
        Skills: Pandas, JIRA, Figma, Scikit-learn, NumPy, Ruby, C#
        
        Experience:
        - Junior Data Scientist at Uber (1 years)
        - Data Scientist at Microsoft (3 years)

        
        
        Proficiencies in: Pandas, JIRA, Figma, Scikit-learn, NumPy, Ruby, C#
        
        Achievements:
        - Led projects using Pandas
        - Improved system performance by 10%
        - Mentored 3 junior developers
        - Deployed solutions impacting 6368 users",synthetic,2025-12-07
RE53B19B3,Data Scientist,Junior,1.0,"Pandas, Go, Scikit-learn, Java, VS Code, NumPy, Git",7,"MongoDB, Netflix, Elastic","Data Scientist with 1 years of experience
        
        Skills: Pandas, Go, Scikit-learn, Java, VS Code, NumPy, Git
        
        Experience:
        - Junior Data Scientist at MongoDB (4 years)
        - Data Scientist at Netflix (1 years)
        - Junior Data Scientist at Elastic (2 years)
        
        
        Proficiencies in: Pandas, Go, Scikit-learn, Java, VS Code, NumPy, Git
        
        Achievements:
        - Led projects using Pandas
        - Improved system performance by 43%
        - Mentored 2 junior developers
        - Deployed solutions impacting 195 users",synthetic,2025-12-07
R27C8C78A,Data Scientist,Junior,2.0,"Pandas, Python, Figma, Scikit-learn, Java, NumPy, Git",7,"Oracle, GitLab","Data Scientist with 2 years of experience
        
        Skills: Pandas, Python, Figma, Scikit-learn, Java, NumPy, Git
        
        Experience:
        - Junior Data Scientist at Oracle (1 years)
        - Data Scientist at GitLab (2 years)

        
        
        Proficiencies in: Pandas, Python, Figma, Scikit-learn, Java, NumPy, Git
        
        Achievements:
        - Led projects using NumPy
        - Improved system performance by 17%
        - Mentored 3 junior developers
        - Deployed solutions impacting 2138 users",synthetic,2025-12-07
RC3BD1321,Data Scientist,Mid-Level,3.0,"Pandas, Python, Confluence, Figma, Scikit-learn, NumPy, C++",7,"Airbnb, IBM, Google, Uber","Data Scientist with 3 years of experience
        
        Skills: Pandas, Python, Confluence, Figma, Scikit-learn, NumPy, C++
        
        Experience:
        - Mid-Level Data Scientist at Airbnb (1 years)
        - Data Scientist at IBM (2 years)
        - Junior Data Scientist at Google (2 years)
        
        
        Proficiencies in: Pandas, Python, Confluence, Figma, Scikit-learn, NumPy, C++
        
        Achievements:
        - Led projects using Python
        - Improved system performance by 26%
        - Mentored 3 junior developers
        - Deployed solutions impacting 9316 users",synthetic,2025-12-07
R37A817E3,Data Scientist,Mid-Level,3.0,"Pandas, Python, IntelliJ, Scikit-learn, GitHub, NumPy, JavaScript",7,"DataDog, MongoDB, HashiCorp","Data Scientist with 3 years of experience
        
        Skills: Pandas, Python, IntelliJ, Scikit-learn, GitHub, NumPy, JavaScript
        
        Experience:
        - Mid-Level Data Scientist at DataDog (1 years)
        - Data Scientist at MongoDB (2 years)
        - Junior Data Scientist at HashiCorp (1 years)
        
        
        Proficiencies in: Pandas, Python, IntelliJ, Scikit-learn, GitHub, NumPy, JavaScript
        
        Achievements:
        - Led projects using Scikit-learn
        - Improved system performance by 14%
        - Mentored 2 junior developers
        - Deployed solutions impacting 1722 users",synthetic,2025-12-07
R685ABEB6,Data Scientist,Mid-Level,3.0,"Pandas, Kotlin, JIRA, Scikit-learn, VS Code, NumPy, JavaScript",7,"HashiCorp, Stripe, Uber","Data Scientist with 3 years of experience
        
        Skills: Pandas, Kotlin, JIRA, Scikit-learn, VS Code, NumPy, JavaScript
        
        Experience:
        - Mid-Level Data Scientist at HashiCorp (3 years)
        - Data Scientist at Stripe (2 years)
        - Junior Data Scientist at Uber (2 years)
        
        
        Proficiencies in: Pandas, Kotlin, JIRA, Scikit-learn, VS Code, NumPy, JavaScript
        
        Achievements:
        - Led projects using JIRA
        - Improved system performance by 17%
        - Mentored 4 junior developers
        - Deployed solutions impacting 1378 users",synthetic,2025-12-07
RA6B053A3,Data Scientist,Senior,6.0,"Pandas, JIRA, IntelliJ, Go, Scikit-learn, NumPy, Ruby",7,"Adobe, Apple","Data Scientist with 6 years of experience
        
        Skills: Pandas, JIRA, IntelliJ, Go, Scikit-learn, NumPy, Ruby
        
        Experience:
        - Senior Data Scientist at Adobe (4 years)
        - Data Scientist at Apple (3 years)

        
        
        Proficiencies in: Pandas, JIRA, IntelliJ, Go, Scikit-learn, NumPy, Ruby
        
        Achievements:
        - Led projects using Go
        - Improved system performance by 16%
        - Mentored 3 junior developers
        - Deployed solutions impacting 7491 users",synthetic,2025-12-07
RA1D8FE1A,Data Scientist,Senior,7.0,"Pandas, Kotlin, IntelliJ, Scikit-learn, NumPy, Git, PHP",7,"DataDog, Meta, Elastic, Stripe","Data Scientist with 7 years of experience
        
        Skills: Pandas, Kotlin, IntelliJ, Scikit-learn, NumPy, Git, PHP
        
        Experience:
        - Senior Data Scientist at DataDog (3 years)
        - Data Scientist at Meta (2 years)
        - Junior Data Scientist at Elastic (2 years)
        
        
        Proficiencies in: Pandas, Kotlin, IntelliJ, Scikit-learn, NumPy, Git, PHP
        
        Achievements:
        - Led projects using Git
        - Improved system performance by 23%
        - Mentored 4 junior developers
        - Deployed solutions impacting 4174 users",synthetic,2025-12-07
R0F9DD98C,Data Scientist,Senior,9.0,"Pandas, JIRA, Scikit-learn, GitHub, NumPy, JavaScript, Rust",7,"Stripe, Elastic, Apple","Data Scientist with 9 years of experience
        
        Skills: Pandas, JIRA, Scikit-learn, GitHub, NumPy, JavaScript, Rust
        
        Experience:
        - Senior Data Scientist at Stripe (4 years)
        - Data Scientist at Elastic (1 years)
        - Junior Data Scientist at Apple (2 years)
        
        
        Proficiencies in: Pandas, JIRA, Scikit-learn, GitHub, NumPy, JavaScript, Rust
        
        Achievements:
        - Led projects using JIRA
        - Improved system performance by 30%
        - Mentored 2 junior developers
        - Deployed solutions impacting 7927 users",synthetic,2025-12-07
R62AB3B5A,Data Scientist,Lead,10.0,"Pandas, Figma, Scikit-learn, NumPy, Git, Ruby, C#",7,"Google, Adobe, Stripe","Data Scientist with 10 years of experience
        
        Skills: Pandas, Figma, Scikit-learn, NumPy, Git, Ruby, C#
        
        Experience:
        - Lead Data Scientist at Google (4 years)
        - Data Scientist at Adobe (1 years)
        - Junior Data Scientist at Stripe (1 years)
        
        
        Proficiencies in: Pandas, Figma, Scikit-learn, NumPy, Git, Ruby, C#
        
        Achievements:
        - Led projects using Git
        - Improved system performance by 43%
        - Mentored 5 junior developers
        - Deployed solutions impacting 2318 users",synthetic,2025-12-07
RA1357385,Data Scientist,Lead,15.0,"Pandas, JIRA, Go, Scikit-learn, GitHub, Java, NumPy",7,"Netflix, Apple, Stripe, Tesla","Data Scientist with 15 years of experience
        
        Skills: Pandas, JIRA, Go, Scikit-learn, GitHub, Java, NumPy
        
        Experience:
        - Lead Data Scientist at Netflix (4 years)
        - Data Scientist at Apple (1 years)
        - Junior Data Scientist at Stripe (1 years)
        
        
        Proficiencies in: Pandas, JIRA, Go, Scikit-learn, GitHub, Java, NumPy
        
        Achievements:
        - Led projects using NumPy
        - Improved system performance by 44%
        - Mentored 4 junior developers
        - Deployed solutions impacting 1319 users",synthetic,2025-12-07
R14E47F35,Data Scientist,Lead,10.0,"Pandas, Kotlin, Scikit-learn, GitHub, NumPy, Slack, Ruby",7,"MongoDB, Uber, Stripe","Data Scientist with 10 years of experience
        
        Skills: Pandas, Kotlin, Scikit-learn, GitHub, NumPy, Slack, Ruby
        
        Experience:
        - Lead Data Scientist at MongoDB (2 years)
        - Data Scientist at Uber (3 years)
        - Junior Data Scientist at Stripe (2 years)
        
        
        Proficiencies in: Pandas, Kotlin, Scikit-learn, GitHub, NumPy, Slack, Ruby
        
        Achievements:
        - Led projects using NumPy
        - Improved system performance by 39%
        - Mentored 4 junior developers
        - Deployed solutions impacting 8295 users",synthetic,2025-12-07
RF95EAAE1,DevOps Engineer,Junior,1.0,"JIRA, Go, Docker, Kubernetes, AWS, Slack, Rust",7,"IBM, Salesforce, DataDog","DevOps Engineer with 1 years of experience
        
        Skills: JIRA, Go, Docker, Kubernetes, AWS, Slack, Rust
        
        Experience:
        - Junior DevOps Engineer at IBM (2 years)
        - DevOps Engineer at Salesforce (2 years)
        - Junior DevOps Engineer at DataDog (2 years)
        
        
        Proficiencies in: JIRA, Go, Docker, Kubernetes, AWS, Slack, Rust
        
        Achievements:
        - Led projects using Docker
        - Improved system performance by 20%
        - Mentored 2 junior developers
        - Deployed solutions impacting 4920 users",synthetic,2025-12-07
R5D55156C,DevOps Engineer,Junior,2.0,"IntelliJ, Python, Confluence, Docker, Kubernetes, Java, AWS",7,"Adobe, IBM, Airbnb, Elastic","DevOps Engineer with 2 years of experience
        
        Skills: IntelliJ, Python, Confluence, Docker, Kubernetes, Java, AWS
        
        Experience:
        - Junior DevOps Engineer at Adobe (1 years)
        - DevOps Engineer at IBM (3 years)
        - Junior DevOps Engineer at Airbnb (2 years)
        
        
        Proficiencies in: IntelliJ, Python, Confluence, Docker, Kubernetes, Java, AWS
        
        Achievements:
        - Led projects using Confluence
        - Improved system performance by 45%
        - Mentored 3 junior developers
        - Deployed solutions impacting 9762 users",synthetic,2025-12-07
R09C835DE,DevOps Engineer,Junior,2.0,"Kotlin, JIRA, Docker, Kubernetes, Figma, AWS, Rust",7,"DataDog, Airbnb, Microsoft, Tesla","DevOps Engineer with 2 years of experience
        
        Skills: Kotlin, JIRA, Docker, Kubernetes, Figma, AWS, Rust
        
        Experience:
        - Junior DevOps Engineer at DataDog (1 years)
        - DevOps Engineer at Airbnb (2 years)
        - Junior DevOps Engineer at Microsoft (2 years)
        
        
        Proficiencies in: Kotlin, JIRA, Docker, Kubernetes, Figma, AWS, Rust
        
        Achievements:
        - Led projects using Figma
        - Improved system performance by 25%
        - Mentored 5 junior developers
        - Deployed solutions impacting 8633 users",synthetic,2025-12-07
RA106A876,DevOps Engineer,Mid-Level,3.0,"Go, Docker, Kubernetes, GitHub, AWS, Git, Ruby",7,"Uber, GitHub, Meta, DataDog","DevOps Engineer with 3 years of experience
        
        Skills: Go, Docker, Kubernetes, GitHub, AWS, Git, Ruby
        
        Experience:
        - Mid-Level DevOps Engineer at Uber (3 years)
        - DevOps Engineer at GitHub (3 years)
        - Junior DevOps Engineer at Meta (1 years)
        
        
        Proficiencies in: Go, Docker, Kubernetes, GitHub, AWS, Git, Ruby
        
        Achievements:
        - Led projects using Ruby
        - Improved system performance by 13%
        - Mentored 3 junior developers
        - Deployed solutions impacting 9785 users",synthetic,2025-12-07
RDD1B9051,DevOps Engineer,Mid-Level,3.0,"Python, Docker, Kubernetes, GitHub, AWS, Slack, Ruby",7,"Oracle, Stripe, Netflix, Adobe","DevOps Engineer with 3 years of experience
        
        Skills: Python, Docker, Kubernetes, GitHub, AWS, Slack, Ruby
        
        Experience:
        - Mid-Level DevOps Engineer at Oracle (3 years)
        - DevOps Engineer at Stripe (1 years)
        - Junior DevOps Engineer at Netflix (2 years)
        
        
        Proficiencies in: Python, Docker, Kubernetes, GitHub, AWS, Slack, Ruby
        
        Achievements:
        - Led projects using Ruby
        - Improved system performance by 43%
        - Mentored 5 junior developers
        - Deployed solutions impacting 9434 users",synthetic,2025-12-07
RC8C75D31,DevOps Engineer,Mid-Level,5.0,"Kotlin, Docker, Kubernetes, GitHub, VS Code, AWS, JavaScript",7,"IBM, Amazon, Uber","DevOps Engineer with 5 years of experience
        
        Skills: Kotlin, Docker, Kubernetes, GitHub, VS Code, AWS, JavaScript
        
        Experience:
        - Mid-Level DevOps Engineer at IBM (1 years)
        - DevOps Engineer at Amazon (2 years)
        - Junior DevOps Engineer at Uber (1 years)
        
        
        Proficiencies in: Kotlin, Docker, Kubernetes, GitHub, VS Code, AWS, JavaScript
        
        Achievements:
        - Led projects using VS Code
        - Improved system performance by 12%
        - Mentored 5 junior developers
        - Deployed solutions impacting 7006 users",synthetic,2025-12-07
R59204492,DevOps Engineer,Senior,10.0,"IntelliJ, JIRA, Go, Docker, Kubernetes, AWS, PHP",7,"Adobe, Meta, Airbnb, Elastic","DevOps Engineer with 10 years of experience
        
        Skills: IntelliJ, JIRA, Go, Docker, Kubernetes, AWS, PHP
        
        Experience:
        - Senior DevOps Engineer at Adobe (1 years)
        - DevOps Engineer at Meta (2 years)
        - Junior DevOps Engineer at Airbnb (1 years)
        
        
        Proficiencies in: IntelliJ, JIRA, Go, Docker, Kubernetes, AWS, PHP
        
        Achievements:
        - Led projects using Docker
        - Improved system performance by 35%
        - Mentored 4 junior developers
        - Deployed solutions impacting 6738 users",synthetic,2025-12-07
R3C7EF5FF,DevOps Engineer,Senior,9.0,"Confluence, Docker, Kubernetes, Figma, AWS, C++, JavaScript",7,"DataDog, GitLab","DevOps Engineer with 9 years of experience
        
        Skills: Confluence, Docker, Kubernetes, Figma, AWS, C++, JavaScript
        
        Experience:
        - Senior DevOps Engineer at DataDog (1 years)
        - DevOps Engineer at GitLab (3 years)

        
        
        Proficiencies in: Confluence, Docker, Kubernetes, Figma, AWS, C++, JavaScript
        
        Achievements:
        - Led projects using Confluence
        - Improved system performance by 17%
        - Mentored 2 junior developers
        - Deployed solutions impacting 4171 users",synthetic,2025-12-07
R850660AA,DevOps Engineer,Senior,9.0,"Confluence, Docker, Kubernetes, GitHub, AWS, JavaScript, Ruby",7,"Microsoft, Stripe, Oracle","DevOps Engineer with 9 years of experience
        
        Skills: Confluence, Docker, Kubernetes, GitHub, AWS, JavaScript, Ruby
        
        Experience:
        - Senior DevOps Engineer at Microsoft (1 years)
        - DevOps Engineer at Stripe (3 years)
        - Junior DevOps Engineer at Oracle (2 years)
        
        
        Proficiencies in: Confluence, Docker, Kubernetes, GitHub, AWS, JavaScript, Ruby
        
        Achievements:
        - Led projects using Ruby
        - Improved system performance by 19%
        - Mentored 4 junior developers
        - Deployed solutions impacting 9029 users",synthetic,2025-12-07
R6F666F22,DevOps Engineer,Lead,12.0,"Docker, Kubernetes, GitHub, AWS, Git, C#, PHP",7,"GitHub, IBM, HashiCorp, Salesforce","DevOps Engineer with 12 years of experience
        
        Skills: Docker, Kubernetes, GitHub, AWS, Git, C#, PHP
        
        Experience:
        - Lead DevOps Engineer at GitHub (2 years)
        - DevOps Engineer at IBM (2 years)
        - Junior DevOps Engineer at HashiCorp (2 years)
        
        
        Proficiencies in: Docker, Kubernetes, GitHub, AWS, Git, C#, PHP
        
        Achievements:
        - Led projects using Kubernetes
        - Improved system performance by 25%
        - Mentored 2 junior developers
        - Deployed solutions impacting 5819 users",synthetic,2025-12-07
R34D87460,DevOps Engineer,Lead,8.0,"Python, Docker, Kubernetes, Figma, AWS, Slack, C++",7,"Netflix, Spotify","DevOps Engineer with 8 years of experience
        
        Skills: Python, Docker, Kubernetes, Figma, AWS, Slack, C++
        
        Experience:
        - Lead DevOps Engineer at Netflix (2 years)
        - DevOps Engineer at Spotify (1 years)

        
        
        Proficiencies in: Python, Docker, Kubernetes, Figma, AWS, Slack, C++
        
        Achievements:
        - Led projects using Figma
        - Improved system performance by 29%
        - Mentored 5 junior developers
        - Deployed solutions impacting 1223 users",synthetic,2025-12-07
R9588D64D,DevOps Engineer,Lead,13.0,"Kotlin, Docker, Kubernetes, Figma, AWS, Slack, PHP",7,"MongoDB, Amazon, Apple","DevOps Engineer with 13 years of experience
        
        Skills: Kotlin, Docker, Kubernetes, Figma, AWS, Slack, PHP
        
        Experience:
        - Lead DevOps Engineer at MongoDB (1 years)
        - DevOps Engineer at Amazon (2 years)
        - Junior DevOps Engineer at Apple (1 years)
        
        
        Proficiencies in: Kotlin, Docker, Kubernetes, Figma, AWS, Slack, PHP
        
        Achievements:
        - Led projects using PHP
        - Improved system performance by 45%
        - Mentored 5 junior developers
        - Deployed solutions impacting 8796 users",synthetic,2025-12-07
R7D34E9E2,Frontend Developer,Junior,2.0,"IntelliJ, Vue.js, Figma, Angular, C++, JavaScript, React",7,"Google, Stripe, Spotify","Frontend Developer with 2 years of experience
        
        Skills: IntelliJ, Vue.js, Figma, Angular, C++, JavaScript, React
        
        Experience:
        - Junior Frontend Developer at Google (2 years)
        - Frontend Developer at Stripe (1 years)
        - Junior Frontend Developer at Spotify (1 years)
        
        
        Proficiencies in: IntelliJ, Vue.js, Figma, Angular, C++, JavaScript, React
        
        Achievements:
        - Led projects using Vue.js
        - Improved system performance by 15%
        - Mentored 4 junior developers
        - Deployed solutions impacting 5746 users",synthetic,2025-12-07
R6C90D80B,Frontend Developer,Junior,2.0,"JIRA, Vue.js, Angular, VS Code, JavaScript, React, Ruby",7,"Meta, GitHub","Frontend Developer with 2 years of experience
        
        Skills: JIRA, Vue.js, Angular, VS Code, JavaScript, React, Ruby
        
        Experience:
        - Junior Frontend Developer at Meta (1 years)
        - Frontend Developer at GitHub (3 years)

        
        
        Proficiencies in: JIRA, Vue.js, Angular, VS Code, JavaScript, React, Ruby
        
        Achievements:
        - Led projects using JIRA
        - Improved system performance by 37%
        - Mentored 3 junior developers
        - Deployed solutions impacting 7848 users",synthetic,2025-12-07
R162EB5D3,Frontend Developer,Junior,3.0,"Vue.js, Angular, GitHub, Slack, C++, React, C#",7,"Stripe, Meta, Microsoft","Frontend Developer with 3 years of experience
        
        Skills: Vue.js, Angular, GitHub, Slack, C++, React, C#
        
        Experience:
        - Junior Frontend Developer at Stripe (4 years)
        - Frontend Developer at Meta (3 years)
        - Junior Frontend Developer at Microsoft (2 years)
        
        
        Proficiencies in: Vue.js, Angular, GitHub, Slack, C++, React, C#
        
        Achievements:
        - Led projects using GitHub
        - Improved system performance by 32%
        - Mentored 2 junior developers
        - Deployed solutions impacting 7177 users",synthetic,2025-12-07
RAC504915,Frontend Developer,Mid-Level,6.0,"JIRA, Vue.js, Angular, GitHub, Java, JavaScript, React",7,"Airbnb, Tesla, Adobe","Frontend Developer with 6 years of experience
        
        Skills: JIRA, Vue.js, Angular, GitHub, Java, JavaScript, React
        
        Experience:
        - Mid-Level Frontend Developer at Airbnb (2 years)
        - Frontend Developer at Tesla (3 years)
        - Junior Frontend Developer at Adobe (2 years)
        
        
        Proficiencies in: JIRA, Vue.js, Angular, GitHub, Java, JavaScript, React
        
        Achievements:
        - Led projects using JIRA
        - Improved system performance by 39%
        - Mentored 4 junior developers
        - Deployed solutions impacting 812 users",synthetic,2025-12-07
R7FE7A0FA,Frontend Developer,Mid-Level,4.0,"Kotlin, Vue.js, JIRA, Go, Angular, Git, React",7,"Elastic, Stripe","Frontend Developer with 4 years of experience
        
        Skills: Kotlin, Vue.js, JIRA, Go, Angular, Git, React
        
        Experience:
        - Mid-Level Frontend Developer at Elastic (4 years)
        - Frontend Developer at Stripe (2 years)

        
        
        Proficiencies in: Kotlin, Vue.js, JIRA, Go, Angular, Git, React
        
        Achievements:
        - Led projects using Kotlin
        - Improved system performance by 49%
        - Mentored 5 junior developers
        - Deployed solutions impacting 308 users",synthetic,2025-12-07
R085B75E4,Frontend Developer,Mid-Level,5.0,"Kotlin, Vue.js, Python, IntelliJ, Angular, Git, React",7,"Spotify, DataDog, HashiCorp","Frontend Developer with 5 years of experience
        
        Skills: Kotlin, Vue.js, Python, IntelliJ, Angular, Git, React
        
        Experience:
        - Mid-Level Frontend Developer at Spotify (1 years)
        - Frontend Developer at DataDog (1 years)
        - Junior Frontend Developer at HashiCorp (1 years)
        
        
        Proficiencies in: Kotlin, Vue.js, Python, IntelliJ, Angular, Git, React
        
        Achievements:
        - Led projects using React
        - Improved system performance by 44%
        - Mentored 5 junior developers
        - Deployed solutions impacting 138 users",synthetic,2025-12-07
R69EE121F,Frontend Developer,Senior,9.0,"Kotlin, Vue.js, Python, Figma, Angular, GitHub, React",7,"IBM, Adobe, Oracle","Frontend Developer with 9 years of experience
        
        Skills: Kotlin, Vue.js, Python, Figma, Angular, GitHub, React
        
        Experience:
        - Senior Frontend Developer at IBM (1 years)
        - Frontend Developer at Adobe (2 years)
        - Junior Frontend Developer at Oracle (2 years)
        
        
        Proficiencies in: Kotlin, Vue.js, Python, Figma, Angular, GitHub, React
        
        Achievements:
        - Led projects using GitHub
        - Improved system performance by 12%
        - Mentored 3 junior developers
        - Deployed solutions impacting 8727 users",synthetic,2025-12-07
R335DCB62,Frontend Developer,Senior,6.0,"IntelliJ, Vue.js, Go, Angular, Git, C++, React",7,"GitHub, Uber","Frontend Developer with 6 years of experience
        
        Skills: IntelliJ, Vue.js, Go, Angular, Git, C++, React
        
        Experience:
        - Senior Frontend Developer at GitHub (2 years)
        - Frontend Developer at Uber (2 years)

        
        
        Proficiencies in: IntelliJ, Vue.js, Go, Angular, Git, C++, React
        
        Achievements:
        - Led projects using Vue.js
        - Improved system performance by 21%
        - Mentored 4 junior developers
        - Deployed solutions impacting 9039 users",synthetic,2025-12-07
R354F4581,Frontend Developer,Senior,9.0,"Vue.js, Confluence, Go, Angular, Git, React, Rust",7,"IBM, Salesforce, Elastic, Stripe","Frontend Developer with 9 years of experience
        
        Skills: Vue.js, Confluence, Go, Angular, Git, React, Rust
        
        Experience:
        - Senior Frontend Developer at IBM (2 years)
        - Frontend Developer at Salesforce (3 years)
        - Junior Frontend Developer at Elastic (2 years)
        
        
        Proficiencies in: Vue.js, Confluence, Go, Angular, Git, React, Rust
        
        Achievements:
        - Led projects using Confluence
        - Improved system performance by 12%
        - Mentored 5 junior developers
        - Deployed solutions impacting 221 users",synthetic,2025-12-07
RE9E5E8EF,Frontend Developer,Lead,10.0,"Kotlin, Vue.js, Confluence, Figma, Angular, React, PHP",7,"Salesforce, Elastic, Netflix, Adobe","Frontend Developer with 10 years of experience
        
        Skills: Kotlin, Vue.js, Confluence, Figma, Angular, React, PHP
        
        Experience:
        - Lead Frontend Developer at Salesforce (3 years)
        - Frontend Developer at Elastic (2 years)
        - Junior Frontend Developer at Netflix (1 years)
        
        
        Proficiencies in: Kotlin, Vue.js, Confluence, Figma, Angular, React, PHP
        
        Achievements:
        - Led projects using React
        - Improved system performance by 18%
        - Mentored 5 junior developers
        - Deployed solutions impacting 7895 users",synthetic,2025-12-07
R6317D47A,Frontend Developer,Lead,9.0,"Kotlin, Vue.js, JIRA, Angular, VS Code, C++, React",7,"Oracle, Salesforce, HashiCorp, Amazon","Frontend Developer with 9 years of experience
        
        Skills: Kotlin, Vue.js, JIRA, Angular, VS Code, C++, React
        
        Experience:
        - Lead Frontend Developer at Oracle (3 years)
        - Frontend Developer at Salesforce (2 years)
        - Junior Frontend Developer at HashiCorp (1 years)
        
        
        Proficiencies in: Kotlin, Vue.js, JIRA, Angular, VS Code, C++, React
        
        Achievements:
        - Led projects using Kotlin
        - Improved system performance by 49%
        - Mentored 2 junior developers
        - Deployed solutions impacting 8304 users",synthetic,2025-12-07
R84346168,Frontend Developer,Lead,15.0,"JIRA, Vue.js, Confluence, Angular, JavaScript, React, PHP",7,"Salesforce, GitHub","Frontend Developer with 15 years of experience
        
        Skills: JIRA, Vue.js, Confluence, Angular, JavaScript, React, PHP
        
        Experience:
        - Lead Frontend Developer at Salesforce (4 years)
        - Frontend Developer at GitHub (3 years)

        
        
        Proficiencies in: JIRA, Vue.js, Confluence, Angular, JavaScript, React, PHP
        
        Achievements:
        - Led projects using JavaScript
        - Improved system performance by 40%
        - Mentored 5 junior developers
        - Deployed solutions impacting 8513 users",synthetic,2025-12-07
R425B1AE9,Backend Developer,Junior,1.0,"IntelliJ, JIRA, Express, Django, Node.js, C++, Rust",7,"Stripe, GitHub, Spotify","Backend Developer with 1 years of experience
        
        Skills: IntelliJ, JIRA, Express, Django, Node.js, C++, Rust
        
        Experience:
        - Junior Backend Developer at Stripe (4 years)
        - Backend Developer at GitHub (1 years)
        - Junior Backend Developer at Spotify (1 years)
        
        
        Proficiencies in: IntelliJ, JIRA, Express, Django, Node.js, C++, Rust
        
        Achievements:
        - Led projects using Node.js
        - Improved system performance by 46%
        - Mentored 5 junior developers
        - Deployed solutions impacting 980 users",synthetic,2025-12-07
RCF45EB2C,Backend Developer,Junior,2.0,"JIRA, Express, Django, Figma, Node.js, JavaScript, Rust",7,"Uber, Apple, Microsoft","Backend Developer with 2 years of experience
        
        Skills: JIRA, Express, Django, Figma, Node.js, JavaScript, Rust
        
        Experience:
        - Junior Backend Developer at Uber (3 years)
        - Backend Developer at Apple (2 years)
        - Junior Backend Developer at Microsoft (2 years)
        
        
        Proficiencies in: JIRA, Express, Django, Figma, Node.js, JavaScript, Rust
        
        Achievements:
        - Led projects using Express
        - Improved system performance by 26%
        - Mentored 2 junior developers
        - Deployed solutions impacting 9597 users",synthetic,2025-12-07
R87637D92,Backend Developer,Junior,2.0,"JIRA, Express, Django, GitHub, Node.js, C#, PHP",7,"GitLab, IBM, Google","Backend Developer with 2 years of experience
        
        Skills: JIRA, Express, Django, GitHub, Node.js, C#, PHP
        
        Experience:
        - Junior Backend Developer at GitLab (2 years)
        - Backend Developer at IBM (1 years)
        - Junior Backend Developer at Google (1 years)
        
        
        Proficiencies in: JIRA, Express, Django, GitHub, Node.js, C#, PHP
        
        Achievements:
        - Led projects using Express
        - Improved system performance by 43%
        - Mentored 3 junior developers
        - Deployed solutions impacting 1141 users",synthetic,2025-12-07
R9EC7142F,Backend Developer,Mid-Level,4.0,"Express, Django, GitHub, VS Code, Node.js, Ruby, C#",7,"Adobe, Spotify, Apple","Backend Developer with 4 years of experience
        
        Skills: Express, Django, GitHub, VS Code, Node.js, Ruby, C#
        
        Experience:
        - Mid-Level Backend Developer at Adobe (4 years)
        - Backend Developer at Spotify (3 years)
        - Junior Backend Developer at Apple (2 years)
        
        
        Proficiencies in: Express, Django, GitHub, VS Code, Node.js, Ruby, C#
        
        Achievements:
        - Led projects using GitHub
        - Improved system performance by 30%
        - Mentored 5 junior developers
        - Deployed solutions impacting 724 users",synthetic,2025-12-07
RD175959A,Backend Developer,Mid-Level,4.0,"IntelliJ, Express, Django, Java, Node.js, Git, JavaScript",7,"Adobe, Stripe, Meta, HashiCorp","Backend Developer with 4 years of experience
        
        Skills: IntelliJ, Express, Django, Java, Node.js, Git, JavaScript
        
        Experience:
        - Mid-Level Backend Developer at Adobe (1 years)
        - Backend Developer at Stripe (3 years)
        - Junior Backend Developer at Meta (1 years)
        
        
        Proficiencies in: IntelliJ, Express, Django, Java, Node.js, Git, JavaScript
        
        Achievements:
        - Led projects using Node.js
        - Improved system performance by 50%
        - Mentored 4 junior developers
        - Deployed solutions impacting 314 users",synthetic,2025-12-07
R5741BA51,Backend Developer,Mid-Level,6.0,"Express, Django, Figma, GitHub, Java, Node.js, JavaScript",7,"HashiCorp, Adobe, Apple","Backend Developer with 6 years of experience
        
        Skills: Express, Django, Figma, GitHub, Java, Node.js, JavaScript
        
        Experience:
        - Mid-Level Backend Developer at HashiCorp (3 years)
        - Backend Developer at Adobe (2 years)
        - Junior Backend Developer at Apple (2 years)
        
        
        Proficiencies in: Express, Django, Figma, GitHub, Java, Node.js, JavaScript
        
        Achievements:
        - Led projects using Node.js
        - Improved system performance by 33%
        - Mentored 2 junior developers
        - Deployed solutions impacting 7265 users",synthetic,2025-12-07
R57CAF4A3,Backend Developer,Senior,6.0,"IntelliJ, Express, Django, VS Code, Node.js, C#, PHP",7,"Google, IBM, Salesforce, GitHub","Backend Developer with 6 years of experience
        
        Skills: IntelliJ, Express, Django, VS Code, Node.js, C#, PHP
        
        Experience:
        - Senior Backend Developer at Google (4 years)
        - Backend Developer at IBM (3 years)
        - Junior Backend Developer at Salesforce (1 years)
        
        
        Proficiencies in: IntelliJ, Express, Django, VS Code, Node.js, C#, PHP
        
        Achievements:
        - Led projects using C#
        - Improved system performance by 46%
        - Mentored 4 junior developers
        - Deployed solutions impacting 5476 users",synthetic,2025-12-07
R4FA3A462,Backend Developer,Senior,6.0,"Kotlin, JIRA, Express, Django, Go, VS Code, Node.js",7,"IBM, Elastic","Backend Developer with 6 years of experience
        
        Skills: Kotlin, JIRA, Express, Django, Go, VS Code, Node.js
        
        Experience:
        - Senior Backend Developer at IBM (2 years)
        - Backend Developer at Elastic (1 years)

        
        
        Proficiencies in: Kotlin, JIRA, Express, Django, Go, VS Code, Node.js
        
        Achievements:
        - Led projects using Express
        - Improved system performance by 32%
        - Mentored 3 junior developers
        - Deployed solutions impacting 8574 users",synthetic,2025-12-07
RD0A04E31,Backend Developer,Senior,7.0,"Python, Express, Django, Confluence, Node.js, Git, PHP",7,"Tesla, Stripe, Spotify","Backend Developer with 7 years of experience
        
        Skills: Python, Express, Django, Confluence, Node.js, Git, PHP
        
        Experience:
        - Senior Backend Developer at Tesla (4 years)
        - Backend Developer at Stripe (2 years)
        - Junior Backend Developer at Spotify (1 years)
        
        
        Proficiencies in: Python, Express, Django, Confluence, Node.js, Git, PHP
        
        Achievements:
        - Led projects using Django
        - Improved system performance by 36%
        - Mentored 2 junior developers
        - Deployed solutions impacting 1607 users",synthetic,2025-12-07
RC149A679,Backend Developer,Lead,14.0,"Python, Express, Django, GitHub, VS Code, Node.js, Ruby",7,"IBM, GitHub, Tesla","Backend Developer with 14 years of experience
        
        Skills: Python, Express, Django, GitHub, VS Code, Node.js, Ruby
        
        Experience:
        - Lead Backend Developer at IBM (4 years)
        - Backend Developer at GitHub (3 years)
        - Junior Backend Developer at Tesla (1 years)
        
        
        Proficiencies in: Python, Express, Django, GitHub, VS Code, Node.js, Ruby
        
        Achievements:
        - Led projects using GitHub
        - Improved system performance by 24%
        - Mentored 2 junior developers
        - Deployed solutions impacting 6541 users",synthetic,2025-12-07
R47B4D777,Backend Developer,Lead,15.0,"Confluence, Express, Django, VS Code, Node.js, C++, PHP",7,"Airbnb, Netflix, HashiCorp","Backend Developer with 15 years of experience
        
        Skills: Confluence, Express, Django, VS Code, Node.js, C++, PHP
        
        Experience:
        - Lead Backend Developer at Airbnb (1 years)
        - Backend Developer at Netflix (1 years)
        - Junior Backend Developer at HashiCorp (1 years)
        
        
        Proficiencies in: Confluence, Express, Django, VS Code, Node.js, C++, PHP
        
        Achievements:
        - Led projects using PHP
        - Improved system performance by 20%
        - Mentored 4 junior developers
        - Deployed solutions impacting 6142 users",synthetic,2025-12-07
R43F12EC9,Backend Developer,Lead,10.0,"IntelliJ, Confluence, Express, Django, Node.js, C#, PHP",7,"Adobe, MongoDB, Stripe, Tesla","Backend Developer with 10 years of experience
        
        Skills: IntelliJ, Confluence, Express, Django, Node.js, C#, PHP
        
        Experience:
        - Lead Backend Developer at Adobe (1 years)
        - Backend Developer at MongoDB (2 years)
        - Junior Backend Developer at Stripe (1 years)
        
        
        Proficiencies in: IntelliJ, Confluence, Express, Django, Node.js, C#, PHP
        
        Achievements:
        - Led projects using Django
        - Improved system performance by 41%
        - Mentored 2 junior developers
        - Deployed solutions impacting 860 users",synthetic,2025-12-07
R04BE14BE,Cloud Architect,Junior,2.0,"Kotlin, IntelliJ, Docker, Kubernetes, AWS, Git, C++",7,"GitLab, GitHub","Cloud Architect with 2 years of experience
        
        Skills: Kotlin, IntelliJ, Docker, Kubernetes, AWS, Git, C++
        
        Experience:
        - Junior Cloud Architect at GitLab (2 years)
        - Cloud Architect at GitHub (2 years)

        
        
        Proficiencies in: Kotlin, IntelliJ, Docker, Kubernetes, AWS, Git, C++
        
        Achievements:
        - Led projects using C++
        - Improved system performance by 41%
        - Mentored 2 junior developers
        - Deployed solutions impacting 5886 users",synthetic,2025-12-07
R0D7CEF85,Cloud Architect,Junior,1.0,"JIRA, IntelliJ, Docker, Kubernetes, AWS, C++, C#",7,"Airbnb, DataDog, GitHub","Cloud Architect with 1 years of experience
        
        Skills: JIRA, IntelliJ, Docker, Kubernetes, AWS, C++, C#
        
        Experience:
        - Junior Cloud Architect at Airbnb (4 years)
        - Cloud Architect at DataDog (2 years)
        - Junior Cloud Architect at GitHub (2 years)
        
        
        Proficiencies in: JIRA, IntelliJ, Docker, Kubernetes, AWS, C++, C#
        
        Achievements:
        - Led projects using JIRA
        - Improved system performance by 28%
        - Mentored 2 junior developers
        - Deployed solutions impacting 7153 users",synthetic,2025-12-07
R12362A09,Cloud Architect,Junior,1.0,"JIRA, Docker, Kubernetes, AWS, Git, C#, PHP",7,"MongoDB, GitHub, Elastic, Tesla","Cloud Architect with 1 years of experience
        
        Skills: JIRA, Docker, Kubernetes, AWS, Git, C#, PHP
        
        Experience:
        - Junior Cloud Architect at MongoDB (2 years)
        - Cloud Architect at GitHub (1 years)
        - Junior Cloud Architect at Elastic (1 years)
        
        
        Proficiencies in: JIRA, Docker, Kubernetes, AWS, Git, C#, PHP
        
        Achievements:
        - Led projects using PHP
        - Improved system performance by 12%
        - Mentored 2 junior developers
        - Deployed solutions impacting 3894 users",synthetic,2025-12-07
R6CA5E663,Cloud Architect,Mid-Level,5.0,"Go, Docker, Kubernetes, Java, VS Code, AWS, Git",7,"Amazon, Netflix, IBM, Uber","Cloud Architect with 5 years of experience
        
        Skills: Go, Docker, Kubernetes, Java, VS Code, AWS, Git
        
        Experience:
        - Mid-Level Cloud Architect at Amazon (2 years)
        - Cloud Architect at Netflix (3 years)
        - Junior Cloud Architect at IBM (2 years)
        
        
        Proficiencies in: Go, Docker, Kubernetes, Java, VS Code, AWS, Git
        
        Achievements:
        - Led projects using Git
        - Improved system performance by 37%
        - Mentored 3 junior developers
        - Deployed solutions impacting 9636 users",synthetic,2025-12-07
R76E04CC2,Cloud Architect,Mid-Level,6.0,"JIRA, IntelliJ, Go, Docker, Kubernetes, AWS, PHP",7,"Microsoft, GitHub, HashiCorp","Cloud Architect with 6 years of experience
        
        Skills: JIRA, IntelliJ, Go, Docker, Kubernetes, AWS, PHP
        
        Experience:
        - Mid-Level Cloud Architect at Microsoft (1 years)
        - Cloud Architect at GitHub (1 years)
        - Junior Cloud Architect at HashiCorp (1 years)
        
        
        Proficiencies in: JIRA, IntelliJ, Go, Docker, Kubernetes, AWS, PHP
        
        Achievements:
        - Led projects using PHP
        - Improved system performance by 35%
        - Mentored 2 junior developers
        - Deployed solutions impacting 6750 users",synthetic,2025-12-07
RFC98C0A8,Cloud Architect,Mid-Level,3.0,"Docker, Kubernetes, Figma, VS Code, AWS, Ruby, PHP",7,"HashiCorp, Elastic, Salesforce, Adobe","Cloud Architect with 3 years of experience
        
        Skills: Docker, Kubernetes, Figma, VS Code, AWS, Ruby, PHP
        
        Experience:
        - Mid-Level Cloud Architect at HashiCorp (3 years)
        - Cloud Architect at Elastic (1 years)
        - Junior Cloud Architect at Salesforce (2 years)
        
        
        Proficiencies in: Docker, Kubernetes, Figma, VS Code, AWS, Ruby, PHP
        
        Achievements:
        - Led projects using VS Code
        - Improved system performance by 15%
        - Mentored 2 junior developers
        - Deployed solutions impacting 7087 users",synthetic,2025-12-07
R8D562FBB,Cloud Architect,Senior,10.0,"Python, Docker, Kubernetes, Figma, GitHub, AWS, C#",7,"GitHub, Tesla, Amazon","Cloud Architect with 10 years of experience
        
        Skills: Python, Docker, Kubernetes, Figma, GitHub, AWS, C#
        
        Experience:
        - Senior Cloud Architect at GitHub (1 years)
        - Cloud Architect at Tesla (1 years)
        - Junior Cloud Architect at Amazon (1 years)
        
        
        Proficiencies in: Python, Docker, Kubernetes, Figma, GitHub, AWS, C#
        
        Achievements:
        - Led projects using Python
        - Improved system performance by 21%
        - Mentored 3 junior developers
        - Deployed solutions impacting 4366 users",synthetic,2025-12-07
R1EE5124B,Cloud Architect,Senior,7.0,"Kotlin, Confluence, Go, Docker, Kubernetes, AWS, Slack",7,"Meta, Adobe, Amazon, HashiCorp","Cloud Architect with 7 years of experience
        
        Skills: Kotlin, Confluence, Go, Docker, Kubernetes, AWS, Slack
        
        Experience:
        - Senior Cloud Architect at Meta (4 years)
        - Cloud Architect at Adobe (2 years)
        - Junior Cloud Architect at Amazon (1 years)
        
        
        Proficiencies in: Kotlin, Confluence, Go, Docker, Kubernetes, AWS, Slack
        
        Achievements:
        - Led projects using Kubernetes
        - Improved system performance by 34%
        - Mentored 2 junior developers
        - Deployed solutions impacting 2553 users",synthetic,2025-12-07
R57E48515,Cloud Architect,Senior,8.0,"Kotlin, JIRA, Confluence, Docker, Kubernetes, AWS, Rust",7,"DataDog, Netflix, Tesla","Cloud Architect with 8 years of experience
        
        Skills: Kotlin, JIRA, Confluence, Docker, Kubernetes, AWS, Rust
        
        Experience:
        - Senior Cloud Architect at DataDog (4 years)
        - Cloud Architect at Netflix (2 years)
        - Junior Cloud Architect at Tesla (2 years)
        
        
        Proficiencies in: Kotlin, JIRA, Confluence, Docker, Kubernetes, AWS, Rust
        
        Achievements:
        - Led projects using AWS
        - Improved system performance by 26%
        - Mentored 3 junior developers
        - Deployed solutions impacting 2189 users",synthetic,2025-12-07
RFB056BFC,Cloud Architect,Lead,8.0,"Kotlin, Confluence, Docker, Kubernetes, Figma, Java, AWS",7,"Adobe, Uber, Meta, Salesforce","Cloud Architect with 8 years of experience
        
        Skills: Kotlin, Confluence, Docker, Kubernetes, Figma, Java, AWS
        
        Experience:
        - Lead Cloud Architect at Adobe (3 years)
        - Cloud Architect at Uber (2 years)
        - Junior Cloud Architect at Meta (2 years)
        
        
        Proficiencies in: Kotlin, Confluence, Docker, Kubernetes, Figma, Java, AWS
        
        Achievements:
        - Led projects using Java
        - Improved system performance by 48%
        - Mentored 5 junior developers
        - Deployed solutions impacting 8540 users",synthetic,2025-12-07
R41676B63,Cloud Architect,Lead,15.0,"JIRA, IntelliJ, Go, Docker, Kubernetes, AWS, C++",7,"Tesla, Uber, Salesforce","Cloud Architect with 15 years of experience
        
        Skills: JIRA, IntelliJ, Go, Docker, Kubernetes, AWS, C++
        
        Experience:
        - Lead Cloud Architect at Tesla (3 years)
        - Cloud Architect at Uber (2 years)
        - Junior Cloud Architect at Salesforce (1 years)
        
        
        Proficiencies in: JIRA, IntelliJ, Go, Docker, Kubernetes, AWS, C++
        
        Achievements:
        - Led projects using Docker
        - Improved system performance by 35%
        - Mentored 5 junior developers
        - Deployed solutions impacting 1622 users",synthetic,2025-12-07
R2B88C317,Cloud Architect,Lead,12.0,"Confluence, Docker, Kubernetes, Java, AWS, Git, PHP",7,"Adobe, Airbnb, Salesforce, Spotify","Cloud Architect with 12 years of experience
        
        Skills: Confluence, Docker, Kubernetes, Java, AWS, Git, PHP
        
        Experience:
        - Lead Cloud Architect at Adobe (1 years)
        - Cloud Architect at Airbnb (2 years)
        - Junior Cloud Architect at Salesforce (2 years)
        
        
        Proficiencies in: Confluence, Docker, Kubernetes, Java, AWS, Git, PHP
        
        Achievements:
        - Led projects using Java
        - Improved system performance by 27%
        - Mentored 3 junior developers
        - Deployed solutions impacting 3763 users",synthetic,2025-12-07
R0CE05DD7,Machine Learning Engineer,Junior,1.0,"JIRA, Confluence, Ruby, Java",4,"Adobe, Elastic","Machine Learning Engineer with 1 years of experience
        
        Skills: JIRA, Confluence, Ruby, Java
        
        Experience:
        - Junior Machine Learning Engineer at Adobe (2 years)
        - Machine Learning Engineer at Elastic (2 years)

        
        
        Proficiencies in: JIRA, Confluence, Ruby, Java
        
        Achievements:
        - Led projects using JIRA
        - Improved system performance by 47%
        - Mentored 4 junior developers
        - Deployed solutions impacting 1898 users",synthetic,2025-12-07
R8E3C2357,Machine Learning Engineer,Junior,3.0,"Python, VS Code, C++, Confluence",4,"Netflix, MongoDB, Oracle","Machine Learning Engineer with 3 years of experience
        
        Skills: Python, VS Code, C++, Confluence
        
        Experience:
        - Junior Machine Learning Engineer at Netflix (2 years)
        - Machine Learning Engineer at MongoDB (3 years)
        - Junior Machine Learning Engineer at Oracle (1 years)
        
        
        Proficiencies in: Python, VS Code, C++, Confluence
        
        Achievements:
        - Led projects using Python
        - Improved system performance by 37%
        - Mentored 2 junior developers
        - Deployed solutions impacting 6058 users",synthetic,2025-12-07
R74BD22F3,Machine Learning Engineer,Junior,2.0,"Kotlin, Confluence, Git, C++",4,"Netflix, Meta","Machine Learning Engineer with 2 years of experience
        
        Skills: Kotlin, Confluence, Git, C++
        
        Experience:
        - Junior Machine Learning Engineer at Netflix (1 years)
        - Machine Learning Engineer at Meta (2 years)

        
        
        Proficiencies in: Kotlin, Confluence, Git, C++
        
        Achievements:
        - Led projects using Git
        - Improved system performance by 30%
        - Mentored 3 junior developers
        - Deployed solutions impacting 1840 users",synthetic,2025-12-07
R85297F48,Machine Learning Engineer,Mid-Level,5.0,"IntelliJ, Ruby, PHP, JIRA",4,"Airbnb, Stripe, Tesla","Machine Learning Engineer with 5 years of experience
        
        Skills: IntelliJ, Ruby, PHP, JIRA
        
        Experience:
        - Mid-Level Machine Learning Engineer at Airbnb (1 years)
        - Machine Learning Engineer at Stripe (3 years)
        - Junior Machine Learning Engineer at Tesla (1 years)
        
        
        Proficiencies in: IntelliJ, Ruby, PHP, JIRA
        
        Achievements:
        - Led projects using PHP
        - Improved system performance by 39%
        - Mentored 3 junior developers
        - Deployed solutions impacting 1615 users",synthetic,2025-12-07
R69A5ECF5,Machine Learning Engineer,Mid-Level,3.0,"JIRA, GitHub, Go, C++",4,"Stripe, Microsoft, Apple, Netflix","Machine Learning Engineer with 3 years of experience
        
        Skills: JIRA, GitHub, Go, C++
        
        Experience:
        - Mid-Level Machine Learning Engineer at Stripe (2 years)
        - Machine Learning Engineer at Microsoft (1 years)
        - Junior Machine Learning Engineer at Apple (1 years)
        
        
        Proficiencies in: JIRA, GitHub, Go, C++
        
        Achievements:
        - Led projects using GitHub
        - Improved system performance by 49%
        - Mentored 2 junior developers
        - Deployed solutions impacting 4720 users",synthetic,2025-12-07
R1E281174,Machine Learning Engineer,Mid-Level,5.0,"Figma, C++, Git, PHP",4,"Salesforce, Spotify","Machine Learning Engineer with 5 years of experience
        
        Skills: Figma, C++, Git, PHP
        
        Experience:
        - Mid-Level Machine Learning Engineer at Salesforce (1 years)
        - Machine Learning Engineer at Spotify (1 years)

        
        
        Proficiencies in: Figma, C++, Git, PHP
        
        Achievements:
        - Led projects using Figma
        - Improved system performance by 14%
        - Mentored 2 junior developers
        - Deployed solutions impacting 3576 users",synthetic,2025-12-07
R9C2B0D69,Machine Learning Engineer,Senior,7.0,"IntelliJ, Python, Go, Figma",4,"Apple, Salesforce, Amazon","Machine Learning Engineer with 7 years of experience
        
        Skills: IntelliJ, Python, Go, Figma
        
        Experience:
        - Senior Machine Learning Engineer at Apple (3 years)
        - Machine Learning Engineer at Salesforce (2 years)
        - Junior Machine Learning Engineer at Amazon (2 years)
        
        
        Proficiencies in: IntelliJ, Python, Go, Figma
        
        Achievements:
        - Led projects using Figma
        - Improved system performance by 50%
        - Mentored 2 junior developers
        - Deployed solutions impacting 3735 users",synthetic,2025-12-07
R4F4F7616,Machine Learning Engineer,Senior,9.0,"Figma, Go, Git, C++",4,"Salesforce, Meta","Machine Learning Engineer with 9 years of experience
        
        Skills: Figma, Go, Git, C++
        
        Experience:
        - Senior Machine Learning Engineer at Salesforce (1 years)
        - Machine Learning Engineer at Meta (2 years)

        
        
        Proficiencies in: Figma, Go, Git, C++
        
        Achievements:
        - Led projects using Git
        - Improved system performance by 30%
        - Mentored 4 junior developers
        - Deployed solutions impacting 9201 users",synthetic,2025-12-07
RF90C0BD8,Machine Learning Engineer,Senior,10.0,"IntelliJ, Ruby, C#, Slack",4,"Stripe, Airbnb","Machine Learning Engineer with 10 years of experience
        
        Skills: IntelliJ, Ruby, C#, Slack
        
        Experience:
        - Senior Machine Learning Engineer at Stripe (2 years)
        - Machine Learning Engineer at Airbnb (3 years)

        
        
        Proficiencies in: IntelliJ, Ruby, C#, Slack
        
        Achievements:
        - Led projects using C#
        - Improved system performance by 15%
        - Mentored 5 junior developers
        - Deployed solutions impacting 8723 users",synthetic,2025-12-07
RB8B1F3FD,Machine Learning Engineer,Lead,15.0,"Ruby, Git, Slack, Rust",4,"Oracle, Salesforce, Amazon, Adobe","Machine Learning Engineer with 15 years of experience
        
        Skills: Ruby, Git, Slack, Rust
        
        Experience:
        - Lead Machine Learning Engineer at Oracle (4 years)
        - Machine Learning Engineer at Salesforce (1 years)
        - Junior Machine Learning Engineer at Amazon (1 years)
        
        
        Proficiencies in: Ruby, Git, Slack, Rust
        
        Achievements:
        - Led projects using Git
        - Improved system performance by 12%
        - Mentored 3 junior developers
        - Deployed solutions impacting 1133 users",synthetic,2025-12-07
RF4B08E2E,Machine Learning Engineer,Lead,10.0,"GitHub, Git, C++, PHP",4,"Google, Meta","Machine Learning Engineer with 10 years of experience
        
        Skills: GitHub, Git, C++, PHP
        
        Experience:
        - Lead Machine Learning Engineer at Google (1 years)
        - Machine Learning Engineer at Meta (2 years)

        
        
        Proficiencies in: GitHub, Git, C++, PHP
        
        Achievements:
        - Led projects using PHP
        - Improved system performance by 33%
        - Mentored 2 junior developers
        - Deployed solutions impacting 685 users",synthetic,2025-12-07
R67167A1E,Machine Learning Engineer,Lead,8.0,"IntelliJ, GitHub, C#, Rust",4,"Airbnb, IBM, GitLab","Machine Learning Engineer with 8 years of experience
        
        Skills: IntelliJ, GitHub, C#, Rust
        
        Experience:
        - Lead Machine Learning Engineer at Airbnb (4 years)
        - Machine Learning Engineer at IBM (1 years)
        - Junior Machine Learning Engineer at GitLab (2 years)
        
        
        Proficiencies in: IntelliJ, GitHub, C#, Rust
        
        Achievements:
        - Led projects using GitHub
        - Improved system performance by 34%
        - Mentored 3 junior developers
        - Deployed solutions impacting 8891 users",synthetic,2025-12-07
R6FC843B9,Full Stack Developer,Junior,3.0,"JIRA, Python, Slack, PHP",4,"MongoDB, Stripe, Airbnb, Elastic","Full Stack Developer with 3 years of experience
        
        Skills: JIRA, Python, Slack, PHP
        
        Experience:
        - Junior Full Stack Developer at MongoDB (4 years)
        - Full Stack Developer at Stripe (3 years)
        - Junior Full Stack Developer at Airbnb (1 years)
        
        
        Proficiencies in: JIRA, Python, Slack, PHP
        
        Achievements:
        - Led projects using JIRA
        - Improved system performance by 25%
        - Mentored 4 junior developers
        - Deployed solutions impacting 5085 users",synthetic,2025-12-07
R0AE05F4F,Full Stack Developer,Junior,3.0,"Figma, Slack, PHP, Rust",4,"DataDog, Adobe, Amazon","Full Stack Developer with 3 years of experience
        
        Skills: Figma, Slack, PHP, Rust
        
        Experience:
        - Junior Full Stack Developer at DataDog (3 years)
        - Full Stack Developer at Adobe (1 years)
        - Junior Full Stack Developer at Amazon (2 years)
        
        
        Proficiencies in: Figma, Slack, PHP, Rust
        
        Achievements:
        - Led projects using Figma
        - Improved system performance by 39%
        - Mentored 5 junior developers
        - Deployed solutions impacting 6151 users",synthetic,2025-12-07
RAF2BE18C,Full Stack Developer,Junior,1.0,"IntelliJ, GitHub, C#, JavaScript",4,"Elastic, Stripe, HashiCorp","Full Stack Developer with 1 years of experience
        
        Skills: IntelliJ, GitHub, C#, JavaScript
        
        Experience:
        - Junior Full Stack Developer at Elastic (3 years)
        - Full Stack Developer at Stripe (2 years)
        - Junior Full Stack Developer at HashiCorp (2 years)
        
        
        Proficiencies in: IntelliJ, GitHub, C#, JavaScript
        
        Achievements:
        - Led projects using GitHub
        - Improved system performance by 39%
        - Mentored 5 junior developers
        - Deployed solutions impacting 2515 users",synthetic,2025-12-07
RE51455C3,Full Stack Developer,Mid-Level,5.0,"Figma, GitHub, Go, PHP",4,"MongoDB, Uber, Elastic","Full Stack Developer with 5 years of experience
        
        Skills: Figma, GitHub, Go, PHP
        
        Experience:
        - Mid-Level Full Stack Developer at MongoDB (1 years)
        - Full Stack Developer at Uber (2 years)
        - Junior Full Stack Developer at Elastic (1 years)
        
        
        Proficiencies in: Figma, GitHub, Go, PHP
        
        Achievements:
        - Led projects using Figma
        - Improved system performance by 33%
        - Mentored 5 junior developers
        - Deployed solutions impacting 6042 users",synthetic,2025-12-07
R53B4EBB9,Full Stack Developer,Mid-Level,6.0,"IntelliJ, GitHub, C#, PHP",4,"IBM, Stripe, Netflix, GitLab","Full Stack Developer with 6 years of experience
        
        Skills: IntelliJ, GitHub, C#, PHP
        
        Experience:
        - Mid-Level Full Stack Developer at IBM (2 years)
        - Full Stack Developer at Stripe (2 years)
        - Junior Full Stack Developer at Netflix (2 years)
        
        
        Proficiencies in: IntelliJ, GitHub, C#, PHP
        
        Achievements:
        - Led projects using IntelliJ
        - Improved system performance by 16%
        - Mentored 3 junior developers
        - Deployed solutions impacting 1074 users",synthetic,2025-12-07
R2D34A288,Full Stack Developer,Mid-Level,6.0,"Figma, VS Code, PHP, Rust",4,"Apple, Spotify, Salesforce","Full Stack Developer with 6 years of experience
        
        Skills: Figma, VS Code, PHP, Rust
        
        Experience:
        - Mid-Level Full Stack Developer at Apple (2 years)
        - Full Stack Developer at Spotify (2 years)
        - Junior Full Stack Developer at Salesforce (2 years)
        
        
        Proficiencies in: Figma, VS Code, PHP, Rust
        
        Achievements:
        - Led projects using PHP
        - Improved system performance by 35%
        - Mentored 4 junior developers
        - Deployed solutions impacting 1296 users",synthetic,2025-12-07
R03A122E5,Full Stack Developer,Senior,8.0,"IntelliJ, Figma, Ruby, C++",4,"Salesforce, Airbnb, Stripe","Full Stack Developer with 8 years of experience
        
        Skills: IntelliJ, Figma, Ruby, C++
        
        Experience:
        - Senior Full Stack Developer at Salesforce (1 years)
        - Full Stack Developer at Airbnb (2 years)
        - Junior Full Stack Developer at Stripe (1 years)
        
        
        Proficiencies in: IntelliJ, Figma, Ruby, C++
        
        Achievements:
        - Led projects using IntelliJ
        - Improved system performance by 26%
        - Mentored 3 junior developers
        - Deployed solutions impacting 671 users",synthetic,2025-12-07
R551F9FDE,Full Stack Developer,Senior,9.0,"JIRA, Go, C#, Slack",4,"Apple, Spotify, HashiCorp","Full Stack Developer with 9 years of experience
        
        Skills: JIRA, Go, C#, Slack
        
        Experience:
        - Senior Full Stack Developer at Apple (2 years)
        - Full Stack Developer at Spotify (3 years)
        - Junior Full Stack Developer at HashiCorp (1 years)
        
        
        Proficiencies in: JIRA, Go, C#, Slack
        
        Achievements:
        - Led projects using Go
        - Improved system performance by 22%
        - Mentored 4 junior developers
        - Deployed solutions impacting 9290 users",synthetic,2025-12-07
RF67B829F,Full Stack Developer,Senior,8.0,"Confluence, GitHub, Go, PHP",4,"Meta, HashiCorp, Tesla, MongoDB","Full Stack Developer with 8 years of experience
        
        Skills: Confluence, GitHub, Go, PHP
        
        Experience:
        - Senior Full Stack Developer at Meta (1 years)
        - Full Stack Developer at HashiCorp (2 years)
        - Junior Full Stack Developer at Tesla (2 years)
        
        
        Proficiencies in: Confluence, GitHub, Go, PHP
        
        Achievements:
        - Led projects using GitHub
        - Improved system performance by 46%
        - Mentored 4 junior developers
        - Deployed solutions impacting 1864 users",synthetic,2025-12-07
RDA4FCE8D,Full Stack Developer,Lead,9.0,"Kotlin, Git, Java, VS Code",4,"Oracle, Elastic","Full Stack Developer with 9 years of experience
        
        Skills: Kotlin, Git, Java, VS Code
        
        Experience:
        - Lead Full Stack Developer at Oracle (4 years)
        - Full Stack Developer at Elastic (1 years)

        
        
        Proficiencies in: Kotlin, Git, Java, VS Code
        
        Achievements:
        - Led projects using Git
        - Improved system performance by 43%
        - Mentored 5 junior developers
        - Deployed solutions impacting 1563 users",synthetic,2025-12-07
R6D99FCB4,Full Stack Developer,Lead,12.0,"IntelliJ, Python, Slack, Java",4,"Netflix, Apple, Amazon, Tesla","Full Stack Developer with 12 years of experience
        
        Skills: IntelliJ, Python, Slack, Java
        
        Experience:
        - Lead Full Stack Developer at Netflix (3 years)
        - Full Stack Developer at Apple (2 years)
        - Junior Full Stack Developer at Amazon (2 years)
        
        
        Proficiencies in: IntelliJ, Python, Slack, Java
        
        Achievements:
        - Led projects using IntelliJ
        - Improved system performance by 13%
        - Mentored 5 junior developers
        - Deployed solutions impacting 5026 users",synthetic,2025-12-07
R887C4654,Full Stack Developer,Lead,12.0,"Git, Java, C++, GitHub",4,"Meta, Airbnb, Netflix","Full Stack Developer with 12 years of experience
        
        Skills: Git, Java, C++, GitHub
        
        Experience:
        - Lead Full Stack Developer at Meta (2 years)
        - Full Stack Developer at Airbnb (2 years)
        - Junior Full Stack Developer at Netflix (1 years)
        
        
        Proficiencies in: Git, Java, C++, GitHub
        
        Achievements:
        - Led projects using Git
        - Improved system performance by 27%
        - Mentored 4 junior developers
        - Deployed solutions impacting 9791 users",synthetic,2025-12-07
REBFD261C,Senior Developer,Junior,2.0,"IntelliJ, Confluence, C++, JavaScript",4,"GitLab, Uber, Adobe","Senior Developer with 2 years of experience
        
        Skills: IntelliJ, Confluence, C++, JavaScript
        
        Experience:
        - Junior Senior Developer at GitLab (1 years)
        - Senior Developer at Uber (2 years)
        - Junior Senior Developer at Adobe (2 years)
        
        
        Proficiencies in: IntelliJ, Confluence, C++, JavaScript
        
        Achievements:
        - Led projects using IntelliJ
        - Improved system performance by 22%
        - Mentored 2 junior developers
        - Deployed solutions impacting 4667 users",synthetic,2025-12-07
R696C4B7A,Senior Developer,Junior,3.0,"JIRA, Git, Java, C++",4,"Airbnb, Tesla","Senior Developer with 3 years of experience
        
        Skills: JIRA, Git, Java, C++
        
        Experience:
        - Junior Senior Developer at Airbnb (4 years)
        - Senior Developer at Tesla (1 years)

        
        
        Proficiencies in: JIRA, Git, Java, C++
        
        Achievements:
        - Led projects using C++
        - Improved system performance by 41%
        - Mentored 4 junior developers
        - Deployed solutions impacting 5182 users",synthetic,2025-12-07
R46C2002D,Senior Developer,Junior,3.0,"IntelliJ, Figma, Ruby, PHP",4,"IBM, Oracle, Microsoft","Senior Developer with 3 years of experience
        
        Skills: IntelliJ, Figma, Ruby, PHP
        
        Experience:
        - Junior Senior Developer at IBM (1 years)
        - Senior Developer at Oracle (1 years)
        - Junior Senior Developer at Microsoft (2 years)
        
        
        Proficiencies in: IntelliJ, Figma, Ruby, PHP
        
        Achievements:
        - Led projects using PHP
        - Improved system performance by 18%
        - Mentored 2 junior developers
        - Deployed solutions impacting 2626 users",synthetic,2025-12-07
RE70E27D4,Senior Developer,Mid-Level,6.0,"Kotlin, Python, Figma, JIRA",4,"MongoDB, Oracle, IBM, Tesla","Senior Developer with 6 years of experience
        
        Skills: Kotlin, Python, Figma, JIRA
        
        Experience:
        - Mid-Level Senior Developer at MongoDB (1 years)
        - Senior Developer at Oracle (1 years)
        - Junior Senior Developer at IBM (1 years)
        
        
        Proficiencies in: Kotlin, Python, Figma, JIRA
        
        Achievements:
        - Led projects using Kotlin
        - Improved system performance by 35%
        - Mentored 2 junior developers
        - Deployed solutions impacting 2395 users",synthetic,2025-12-07
R05887B80,Senior Developer,Mid-Level,5.0,"JIRA, Python, Java, Figma",4,"Microsoft, Oracle, Meta","Senior Developer with 5 years of experience
        
        Skills: JIRA, Python, Java, Figma
        
        Experience:
        - Mid-Level Senior Developer at Microsoft (2 years)
        - Senior Developer at Oracle (1 years)
        - Junior Senior Developer at Meta (1 years)
        
        
        Proficiencies in: JIRA, Python, Java, Figma
        
        Achievements:
        - Led projects using Figma
        - Improved system performance by 30%
        - Mentored 3 junior developers
        - Deployed solutions impacting 3475 users",synthetic,2025-12-07
RC07A588A,Senior Developer,Mid-Level,5.0,"Kotlin, Slack, Java, Figma",4,"Meta, Spotify, Elastic","Senior Developer with 5 years of experience
        
        Skills: Kotlin, Slack, Java, Figma
        
        Experience:
        - Mid-Level Senior Developer at Meta (4 years)
        - Senior Developer at Spotify (1 years)
        - Junior Senior Developer at Elastic (1 years)
        
        
        Proficiencies in: Kotlin, Slack, Java, Figma
        
        Achievements:
        - Led projects using Kotlin
        - Improved system performance by 15%
        - Mentored 3 junior developers
        - Deployed solutions impacting 1376 users",synthetic,2025-12-07
REF6737D1,Senior Developer,Senior,9.0,"IntelliJ, Confluence, Ruby, C#",4,"Stripe, DataDog, Oracle, Netflix","Senior Developer with 9 years of experience
        
        Skills: IntelliJ, Confluence, Ruby, C#
        
        Experience:
        - Senior Senior Developer at Stripe (1 years)
        - Senior Developer at DataDog (1 years)
        - Junior Senior Developer at Oracle (2 years)
        
        
        Proficiencies in: IntelliJ, Confluence, Ruby, C#
        
        Achievements:
        - Led projects using Ruby
        - Improved system performance by 22%
        - Mentored 2 junior developers
        - Deployed solutions impacting 6934 users",synthetic,2025-12-07
RE5D8A64A,Senior Developer,Senior,6.0,"Confluence, Figma, Go, PHP",4,"IBM, Stripe, Tesla, Adobe","Senior Developer with 6 years of experience
        
        Skills: Confluence, Figma, Go, PHP
        
        Experience:
        - Senior Senior Developer at IBM (4 years)
        - Senior Developer at Stripe (1 years)
        - Junior Senior Developer at Tesla (2 years)
        
        
        Proficiencies in: Confluence, Figma, Go, PHP
        
        Achievements:
        - Led projects using Go
        - Improved system performance by 42%
        - Mentored 5 junior developers
        - Deployed solutions impacting 5222 users",synthetic,2025-12-07
RCBAE5308,Senior Developer,Senior,6.0,"GitHub, Slack, C++, PHP",4,"Oracle, IBM, GitHub, HashiCorp","Senior Developer with 6 years of experience
        
        Skills: GitHub, Slack, C++, PHP
        
        Experience:
        - Senior Senior Developer at Oracle (3 years)
        - Senior Developer at IBM (2 years)
        - Junior Senior Developer at GitHub (2 years)
        
        
        Proficiencies in: GitHub, Slack, C++, PHP
        
        Achievements:
        - Led projects using PHP
        - Improved system performance by 31%
        - Mentored 2 junior developers
        - Deployed solutions impacting 7430 users",synthetic,2025-12-07
R0B804096,Senior Developer,Lead,13.0,"Kotlin, GitHub, Slack, C++",4,"Adobe, MongoDB, Elastic, Airbnb","Senior Developer with 13 years of experience
        
        Skills: Kotlin, GitHub, Slack, C++
        
        Experience:
        - Lead Senior Developer at Adobe (2 years)
        - Senior Developer at MongoDB (3 years)
        - Junior Senior Developer at Elastic (2 years)
        
        
        Proficiencies in: Kotlin, GitHub, Slack, C++
        
        Achievements:
        - Led projects using GitHub
        - Improved system performance by 39%
        - Mentored 2 junior developers
        - Deployed solutions impacting 1287 users",synthetic,2025-12-07
R89F08F92,Senior Developer,Lead,13.0,"JIRA, C#, C++, VS Code",4,"Adobe, Uber","Senior Developer with 13 years of experience
        
        Skills: JIRA, C#, C++, VS Code
        
        Experience:
        - Lead Senior Developer at Adobe (2 years)
        - Senior Developer at Uber (2 years)

        
        
        Proficiencies in: JIRA, C#, C++, VS Code
        
        Achievements:
        - Led projects using VS Code
        - Improved system performance by 50%
        - Mentored 4 junior developers
        - Deployed solutions impacting 1299 users",synthetic,2025-12-07
RD1B49638,Senior Developer,Lead,9.0,"IntelliJ, Confluence, Ruby, C#",4,"MongoDB, Uber, Elastic","Senior Developer with 9 years of experience
        
        Skills: IntelliJ, Confluence, Ruby, C#
        
        Experience:
        - Lead Senior Developer at MongoDB (4 years)
        - Senior Developer at Uber (2 years)
        - Junior Senior Developer at Elastic (2 years)
        
        
        Proficiencies in: IntelliJ, Confluence, Ruby, C#
        
        Achievements:
        - Led projects using Ruby
        - Improved system performance by 33%
        - Mentored 5 junior developers
        - Deployed solutions impacting 9364 users",synthetic,2025-12-07
R42DDD6D1,Tech Lead,Junior,2.0,"JIRA, Confluence, C#, Java",4,"Apple, Stripe, Uber, Salesforce","Tech Lead with 2 years of experience
        
        Skills: JIRA, Confluence, C#, Java
        
        Experience:
        - Junior Tech Lead at Apple (1 years)
        - Tech Lead at Stripe (1 years)
        - Junior Tech Lead at Uber (1 years)
        
        
        Proficiencies in: JIRA, Confluence, C#, Java
        
        Achievements:
        - Led projects using Java
        - Improved system performance by 19%
        - Mentored 3 junior developers
        - Deployed solutions impacting 542 users",synthetic,2025-12-07
RB9946379,Tech Lead,Junior,3.0,"Kotlin, Confluence, GitHub, Java",4,"Apple, Airbnb, Elastic, IBM","Tech Lead with 3 years of experience
        
        Skills: Kotlin, Confluence, GitHub, Java
        
        Experience:
        - Junior Tech Lead at Apple (4 years)
        - Tech Lead at Airbnb (3 years)
        - Junior Tech Lead at Elastic (1 years)
        
        
        Proficiencies in: Kotlin, Confluence, GitHub, Java
        
        Achievements:
        - Led projects using Confluence
        - Improved system performance by 25%
        - Mentored 3 junior developers
        - Deployed solutions impacting 4262 users",synthetic,2025-12-07
R48336D10,Tech Lead,Junior,3.0,"IntelliJ, Ruby, Figma, Rust",4,"MongoDB, Airbnb, Elastic, Salesforce","Tech Lead with 3 years of experience
        
        Skills: IntelliJ, Ruby, Figma, Rust
        
        Experience:
        - Junior Tech Lead at MongoDB (4 years)
        - Tech Lead at Airbnb (3 years)
        - Junior Tech Lead at Elastic (2 years)
        
        
        Proficiencies in: IntelliJ, Ruby, Figma, Rust
        
        Achievements:
        - Led projects using IntelliJ
        - Improved system performance by 12%
        - Mentored 3 junior developers
        - Deployed solutions impacting 5864 users",synthetic,2025-12-07
R532576B1,Tech Lead,Mid-Level,4.0,"Confluence, Slack, PHP, Rust",4,"MongoDB, Tesla, Spotify","Tech Lead with 4 years of experience
        
        Skills: Confluence, Slack, PHP, Rust
        
        Experience:
        - Mid-Level Tech Lead at MongoDB (2 years)
        - Tech Lead at Tesla (3 years)
        - Junior Tech Lead at Spotify (1 years)
        
        
        Proficiencies in: Confluence, Slack, PHP, Rust
        
        Achievements:
        - Led projects using Confluence
        - Improved system performance by 17%
        - Mentored 3 junior developers
        - Deployed solutions impacting 8845 users",synthetic,2025-12-07
R75B29C8E,Tech Lead,Mid-Level,6.0,"JIRA, IntelliJ, Java, C#",4,"Salesforce, Stripe, Netflix","Tech Lead with 6 years of experience
        
        Skills: JIRA, IntelliJ, Java, C#
        
        Experience:
        - Mid-Level Tech Lead at Salesforce (4 years)
        - Tech Lead at Stripe (2 years)
        - Junior Tech Lead at Netflix (1 years)
        
        
        Proficiencies in: JIRA, IntelliJ, Java, C#
        
        Achievements:
        - Led projects using IntelliJ
        - Improved system performance by 31%
        - Mentored 5 junior developers
        - Deployed solutions impacting 7912 users",synthetic,2025-12-07
R36371464,Tech Lead,Mid-Level,3.0,"Kotlin, Git, VS Code, C++",4,"Meta, Airbnb","Tech Lead with 3 years of experience
        
        Skills: Kotlin, Git, VS Code, C++
        
        Experience:
        - Mid-Level Tech Lead at Meta (4 years)
        - Tech Lead at Airbnb (3 years)

        
        
        Proficiencies in: Kotlin, Git, VS Code, C++
        
        Achievements:
        - Led projects using C++
        - Improved system performance by 33%
        - Mentored 4 junior developers
        - Deployed solutions impacting 3832 users",synthetic,2025-12-07
R4318D7B1,Tech Lead,Senior,10.0,"Python, Go, Git, Figma",4,"Elastic, Salesforce, Apple","Tech Lead with 10 years of experience
        
        Skills: Python, Go, Git, Figma
        
        Experience:
        - Senior Tech Lead at Elastic (4 years)
        - Tech Lead at Salesforce (3 years)
        - Junior Tech Lead at Apple (2 years)
        
        
        Proficiencies in: Python, Go, Git, Figma
        
        Achievements:
        - Led projects using Git
        - Improved system performance by 44%
        - Mentored 5 junior developers
        - Deployed solutions impacting 7444 users",synthetic,2025-12-07
R74CFF134,Tech Lead,Senior,9.0,"IntelliJ, Git, C#, JavaScript",4,"Spotify, Netflix, Elastic","Tech Lead with 9 years of experience
        
        Skills: IntelliJ, Git, C#, JavaScript
        
        Experience:
        - Senior Tech Lead at Spotify (2 years)
        - Tech Lead at Netflix (1 years)
        - Junior Tech Lead at Elastic (2 years)
        
        
        Proficiencies in: IntelliJ, Git, C#, JavaScript
        
        Achievements:
        - Led projects using Git
        - Improved system performance by 29%
        - Mentored 4 junior developers
        - Deployed solutions impacting 5926 users",synthetic,2025-12-07
RA89274EC,Tech Lead,Senior,9.0,"Kotlin, Confluence, C#, Figma",4,"GitLab, Amazon, DataDog","Tech Lead with 9 years of experience
        
        Skills: Kotlin, Confluence, C#, Figma
        
        Experience:
        - Senior Tech Lead at GitLab (2 years)
        - Tech Lead at Amazon (3 years)
        - Junior Tech Lead at DataDog (1 years)
        
        
        Proficiencies in: Kotlin, Confluence, C#, Figma
        
        Achievements:
        - Led projects using C#
        - Improved system performance by 28%
        - Mentored 2 junior developers
        - Deployed solutions impacting 9348 users",synthetic,2025-12-07
RBBEE4A73,Tech Lead,Lead,12.0,"IntelliJ, Slack, Java, Rust",4,"IBM, HashiCorp, Salesforce","Tech Lead with 12 years of experience
        
        Skills: IntelliJ, Slack, Java, Rust
        
        Experience:
        - Lead Tech Lead at IBM (4 years)
        - Tech Lead at HashiCorp (2 years)
        - Junior Tech Lead at Salesforce (1 years)
        
        
        Proficiencies in: IntelliJ, Slack, Java, Rust
        
        Achievements:
        - Led projects using Java
        - Improved system performance by 37%
        - Mentored 4 junior developers
        - Deployed solutions impacting 503 users",synthetic,2025-12-07
RF81AE3E1,Tech Lead,Lead,13.0,"Figma, Slack, Java, PHP",4,"Elastic, Google, Amazon, Oracle","Tech Lead with 13 years of experience
        
        Skills: Figma, Slack, Java, PHP
        
        Experience:
        - Lead Tech Lead at Elastic (4 years)
        - Tech Lead at Google (2 years)
        - Junior Tech Lead at Amazon (2 years)
        
        
        Proficiencies in: Figma, Slack, Java, PHP
        
        Achievements:
        - Led projects using Slack
        - Improved system performance by 12%
        - Mentored 5 junior developers
        - Deployed solutions impacting 5370 users",synthetic,2025-12-07
R2609573B,Tech Lead,Lead,11.0,"Confluence, Slack, Java, C++",4,"GitHub, DataDog, Spotify, Oracle","Tech Lead with 11 years of experience
        
        Skills: Confluence, Slack, Java, C++
        
        Experience:
        - Lead Tech Lead at GitHub (2 years)
        - Tech Lead at DataDog (3 years)
        - Junior Tech Lead at Spotify (1 years)
        
        
        Proficiencies in: Confluence, Slack, Java, C++
        
        Achievements:
        - Led projects using Confluence
        - Improved system performance by 37%
        - Mentored 5 junior developers
        - Deployed solutions impacting 2238 users",synthetic,2025-12-07
